Site,Date,Timestamp,Scanner Frequency,Temperature,SNR,T2w contrast ratio,Geometric Distortion AP,Geometric Distortion SI,Geometric Distortion RL
Site_1,01/01/2023,12:00,2.061810178,20.96307447,36.25802018,74.94708457,0.867379158,1.808185863,0.867379158
Site_2,01/01/2023,01:00,2.92607146,20.78806296,39.99435347,79.36333877,0.836423583,1.898177424,0.836423583
Site_3,01/01/2023,09:00,2.597990913,20.80993634,39.93273674,70.73093655,0.957939701,1.347699775,0.957939701
Site_4,01/01/2023,08:00,2.397987726,19.4379646,31.10863411,56.71067129,0.931741555,1.544976236,0.931741555
Site_5,01/01/2023,10:00,1.734027961,19.17436738,35.3797483,56.85428009,0.899639143,1.883749072,0.899639143
Site_1,08/01/2023,15:00,1.733991781,21.23744462,38.8953146,69.50329206,0.91107271,1.560857951,0.91107271
Site_2,08/01/2023,15:00,1.587125418,21.24045358,36.99294781,49.55108583,0.943840356,0.728808564,0.943840356
Site_3,08/01/2023,18:00,2.799264219,21.46828927,24.94696203,44.41896453,0.845690948,1.36443254,0.845690948
Site_4,08/01/2023,19:00,2.401672518,21.65296221,29.01088271,54.18488631,0.999266783,1.41007257,0.999266783
Site_5,08/01/2023,14:00,2.562108867,20.0453696,22.5831883,51.48955967,0.994958632,1.136196007,0.994958632
Site_1,15/01/2023,12:00,1.530876741,20.00606518,39.08102055,51.85232482,0.930065137,1.604666353,0.930065137
Site_2,15/01/2023,01:00,2.954864778,21.19318072,32.12349269,49.34431004,0.83990849,1.901550522,0.83990849
Site_3,15/01/2023,09:00,2.748663961,20.59985572,24.57285611,41.68372759,0.936045648,1.888352769,0.936045648
Site_4,15/01/2023,08:00,1.818508666,20.80786751,33.43401369,40.71495739,0.814439682,1.176259057,0.814439682
Site_5,15/01/2023,10:00,1.772737451,21.18317068,32.36256481,79.50889559,0.8061305,0.669857069,0.8061305
Site_1,22/01/2023,15:00,1.775106765,21.56002137,27.16325436,57.11092535,0.851536578,1.977261798,0.851536578
Site_2,22/01/2023,15:00,1.956363364,19.35198063,22.27115184,55.37306589,0.892524591,1.75834713,0.892524591
Site_3,22/01/2023,18:00,2.287134647,19.50233181,33.43146391,67.18589131,0.973654501,0.686994022,0.973654501
Site_4,22/01/2023,19:00,2.147917528,18.37592776,30.40615402,48.73015551,0.945433814,1.881262824,0.945433814
Site_5,22/01/2023,14:00,1.93684371,20.31312056,35.44636783,77.99844736,0.948541304,1.804844543,0.948541304
Site_1,29/01/2023,12:00,2.417779342,18.1437691,30.40327002,71.45380058,0.885098667,1.278257086,0.885098667
Site_2,29/01/2023,01:00,1.709240791,19.86239207,37.04363001,43.57644009,0.869186999,1.386913154,0.869186999
Site_3,29/01/2023,09:00,1.938216973,20.17057854,31.03813678,56.70323103,0.874207753,1.098504056,0.874207753
Site_4,29/01/2023,08:00,2.049542765,19.14616501,31.21875943,75.1647323,0.997529913,0.582142458,0.997529913
Site_5,29/01/2023,10:00,2.184104976,20.36333304,37.53307205,77.78928089,0.808021838,1.002795862,0.808021838
Site_1,05/02/2023,15:00,2.677763942,18.122001,28.06965732,58.69606045,0.973406299,1.704280173,0.973406299
Site_2,05/02/2023,15:00,1.799510673,18.14939275,22.68030457,64.53645557,0.915735082,0.506948035,0.915735082
Site_3,05/02/2023,18:00,2.271351658,21.29040224,20.57565353,46.68135784,0.887723084,1.000248758,0.887723084
Site_4,05/02/2023,19:00,2.388621853,19.44076257,35.10274511,79.64674505,0.945051532,1.09725304,0.945051532
Site_5,05/02/2023,14:00,1.569675619,18.50824205,32.40619103,49.26686806,0.897333788,1.306093404,0.897333788
Site_1,12/02/2023,12:00,2.411317278,20.08897304,34.08159536,77.70927097,0.974684648,1.879783425,0.974684648
Site_2,12/02/2023,01:00,1.755786186,21.07997421,24.25928323,65.98586596,0.980140373,1.019518992,0.980140373
Site_3,12/02/2023,09:00,1.597577389,18.86328411,22.72742951,64.3094718,0.884344185,1.020429803,0.884344185
Site_4,12/02/2023,08:00,2.923328306,20.4915619,20.29089331,60.50754044,0.855365559,1.606251872,0.855365559
Site_5,12/02/2023,10:00,2.94844805,18.34138986,27.01175118,49.22679247,0.918470066,1.178326911,0.918470066
Site_1,19/02/2023,15:00,2.712596022,18.20672688,31.79835374,47.06112128,0.982472669,0.836907234,0.982472669
Site_2,19/02/2023,15:00,1.956920654,20.12541853,27.8448809,48.81944836,0.842132438,1.178659274,0.842132438
Site_3,19/02/2023,18:00,1.646508171,20.16254049,28.74949844,47.45753049,0.924593317,0.711285531,0.924593317
Site_4,19/02/2023,19:00,2.52634954,20.54971961,38.08317389,71.18337894,0.926312044,0.76458048,0.926312044
Site_5,19/02/2023,14:00,2.160228741,20.90436533,26.96510934,54.00501037,0.946622604,1.247551659,0.946622604
Site_1,26/02/2023,12:00,1.683057352,21.90340832,30.27978978,42.31370706,0.826313537,1.128388174,0.826313537
Site_2,26/02/2023,01:00,2.242765365,20.06520139,35.67306025,78.76410521,0.943164993,1.872268852,0.943164993
Site_3,26/02/2023,09:00,1.551582782,19.29182589,27.93085565,75.3514354,0.981806504,1.043590849,0.981806504
Site_4,26/02/2023,08:00,2.863980603,21.18074478,32.441734,77.11009133,0.835936622,1.370882525,0.835936622
Site_5,26/02/2023,10:00,1.888169972,19.08332901,37.24727417,79.79631291,0.847508665,1.448396432,0.847508665
Site_1,05/03/2023,15:00,2.493783427,19.75588568,38.99041247,46.95580997,0.994279019,0.519641685,0.994279019
Site_2,05/03/2023,15:00,1.967566614,18.31382553,22.94146962,55.84968076,0.836195391,1.495306058,0.836195391
Site_3,05/03/2023,18:00,2.280102032,18.10140297,38.5317525,70.32953903,0.970877019,0.76705395,0.970877019
Site_4,05/03/2023,19:00,2.320065419,21.85059366,29.84232586,67.84082472,0.898455571,1.941605476,0.898455571
Site_5,05/03/2023,14:00,1.777281683,21.34392048,25.16488777,46.15583625,0.849446215,0.722994092,0.849446215
Site_1,12/03/2023,12:00,2.954376942,20.78389682,29.18271512,72.633325,0.97414998,1.121936186,0.97414998
Site_2,12/03/2023,01:00,2.662699235,19.63581178,39.60065151,48.97762287,0.889061051,0.628024502,0.889061051
Site_3,12/03/2023,09:00,2.909248412,18.69317728,29.85236188,48.95270459,0.902963471,1.995311378,0.902963471
Site_4,12/03/2023,08:00,2.842241026,18.62574817,26.57503221,61.47897692,0.871846674,1.253292515,0.871846674
Site_5,12/03/2023,10:00,2.396849968,19.00097159,32.66801709,63.71759739,0.91859017,1.393077526,0.91859017
Site_1,19/03/2023,15:00,2.882811353,20.19690666,24.80291238,63.20344831,0.832704775,0.600614716,0.832704775
Site_2,19/03/2023,15:00,1.632738753,20.85838369,21.51726656,43.6594735,0.878216307,1.624940706,0.878216307
Site_3,19/03/2023,18:00,1.793974294,20.64078951,22.57759444,75.09843451,0.993882464,0.81485839,0.993882464
Site_4,19/03/2023,19:00,1.567840933,19.11973559,22.56091678,50.6240017,0.851626687,1.847081434,0.851626687
Site_5,19/03/2023,14:00,1.987995496,21.81946112,23.03805387,45.18059685,0.931347333,0.807709461,0.931347333
Site_1,26/03/2023,12:00,2.083015935,20.95158767,22.77654345,75.54992319,0.865038013,0.786031581,0.865038013
Site_2,26/03/2023,01:00,1.907023548,20.21741621,32.8174949,78.22605993,0.954694625,0.554824502,0.954694625
Site_3,26/03/2023,09:00,2.743106264,20.44688298,23.63760169,74.48510469,0.826174732,1.208100418,0.826174732
Site_4,26/03/2023,08:00,2.03512999,19.67840025,26.91334567,72.38064299,0.993964209,1.3472617,0.993964209
Site_5,26/03/2023,10:00,1.921401765,18.99092396,37.9357682,66.20967923,0.890757908,0.598562959,0.890757908
Site_1,02/04/2023,15:00,2.314044125,19.42389071,29.47923281,62.03429482,0.847210093,1.663291425,0.847210093
Site_2,02/04/2023,15:00,1.711386337,21.03138444,33.35115477,43.4794704,0.814699349,1.179933252,0.814699349
Site_3,02/04/2023,18:00,2.703295471,18.05757395,23.44639742,56.33812852,0.833951581,1.286585404,0.833951581
Site_4,02/04/2023,19:00,1.611825966,18.46429056,23.84578038,54.90754068,0.90395479,1.16114412,0.90395479
Site_5,02/04/2023,14:00,2.980330405,18.18401057,20.81737233,50.39015135,0.867400635,1.101144591,0.867400635
Site_1,09/04/2023,12:00,2.658367154,18.16291521,23.37870126,68.93680455,0.965776673,1.339460497,0.965776673
Site_2,09/04/2023,01:00,1.798073522,21.42184234,25.57180678,59.8350294,0.886177505,0.732860369,0.886177505
Site_3,09/04/2023,09:00,1.508283176,20.81463144,23.54020969,43.24184864,0.849742855,0.772892196,0.849742855
Site_4,09/04/2023,08:00,2.723192143,19.89669532,21.77405068,48.80732808,0.923428997,1.792678432,0.923428997
Site_5,09/04/2023,10:00,2.560286016,18.39133664,22.41271742,67.33035055,0.941355443,1.919173193,0.941355443
Site_1,16/04/2023,15:00,2.593510752,19.9664635,29.21557536,43.04523438,0.833408382,1.059963974,0.833408382
Site_2,16/04/2023,15:00,2.65690552,19.89388708,24.12667437,74.04827656,0.833523843,0.90611701,0.833523843
Site_3,16/04/2023,18:00,1.611066978,18.69280748,27.28539722,59.80586108,0.807334285,1.465999315,0.807334285
Site_4,16/04/2023,19:00,2.037698593,19.7354066,30.06834542,59.22346309,0.947280403,1.113101257,0.947280403
Site_5,16/04/2023,14:00,1.673803589,19.59401894,33.80789657,63.69631139,0.932760906,0.538079533,0.932760906
Site_1,23/04/2023,12:00,2.794655139,20.46340039,20.7862428,72.98723864,0.894926175,0.734228896,0.894926175
Site_2,23/04/2023,01:00,2.43494719,20.5403746,35.98820798,53.91236832,0.96883409,1.573958343,0.96883409
Site_3,23/04/2023,09:00,1.996347037,18.18121604,32.55800779,67.1206461,0.961134031,1.488385913,0.961134031
Site_4,23/04/2023,08:00,1.595337525,19.49845046,21.63518064,62.62927856,0.917070873,0.540643989,0.917070873
Site_5,23/04/2023,10:00,1.966473483,20.50343966,37.47157248,50.68113081,0.973654256,0.832958243,0.973654256
Site_1,30/04/2023,15:00,1.987774983,20.01254503,38.41744801,75.14519945,0.841168242,0.846612195,0.841168242
Site_2,30/04/2023,15:00,2.594409268,21.42595936,21.2215592,71.89704086,0.822383924,1.507839115,0.822383924
Site_3,30/04/2023,18:00,2.456336207,20.63477453,25.53755296,66.33807339,0.853949922,0.529565807,0.853949922
Site_4,30/04/2023,19:00,2.830819114,18.65173771,36.1240256,74.02326916,0.811417371,0.656162873,0.811417371
Site_5,30/04/2023,14:00,2.208322388,18.28227499,34.96519381,74.69176804,0.906233906,1.699874128,0.906233906
Site_1,07/05/2023,12:00,1.679391369,20.56967711,23.69042039,68.33451907,0.987321138,0.767816993,0.987321138
Site_2,07/05/2023,01:00,2.569867181,18.10604524,24.18698647,73.48053313,0.807868708,1.479119162,0.807868708
Site_3,07/05/2023,09:00,2.641177573,20.34310233,27.40944206,67.89885847,0.824421983,0.857274172,0.824421983
Site_4,07/05/2023,08:00,2.341915796,21.76092097,29.6904597,67.20563087,0.890439806,0.649162089,0.890439806
Site_5,07/05/2023,10:00,2.65645077,20.30189671,32.36509543,64.74445513,0.986775004,0.864758286,0.986775004
Site_1,14/05/2023,15:00,2.240693395,19.5526797,27.37827279,70.10866558,0.863231221,1.583400398,0.863231221
Site_2,14/05/2023,15:00,2.284099244,20.57315287,29.25069432,46.34420421,0.901446962,1.783544702,0.901446962
Site_3,14/05/2023,18:00,2.141311528,19.83301156,34.94941876,75.23483037,0.808314572,1.745329797,0.808314572
Site_4,14/05/2023,19:00,1.53812869,20.18246716,20.73366406,74.87374111,0.82966864,1.095775294,0.82966864
Site_5,14/05/2023,14:00,1.66183714,21.76585924,25.04873889,41.16989132,0.997326025,1.502127705,0.997326025
Site_1,21/05/2023,12:00,1.547143779,19.54441055,34.26699172,73.03267002,0.993023739,0.807476443,0.993023739
Site_2,21/05/2023,01:00,2.454615617,21.84476226,37.90413675,45.1547947,0.800987996,0.939721595,0.800987996
Site_3,21/05/2023,09:00,1.971533972,21.62140257,30.23354884,53.40475417,0.990362357,1.844503728,0.990362357
Site_4,21/05/2023,08:00,2.262856037,18.78316454,30.64226971,69.74033025,0.927823988,0.519502885,0.927823988
Site_5,21/05/2023,10:00,2.861349711,18.2774452,22.14344023,46.43039584,0.973583659,0.628262796,0.973583659
Site_1,28/05/2023,15:00,1.873938344,18.40311201,28.94824734,72.71868096,0.890947971,0.811829383,0.890947971
Site_2,28/05/2023,15:00,2.115574385,18.0728873,30.65234533,73.28536712,0.903119206,0.539798306,0.903119206
Site_3,28/05/2023,18:00,2.633326708,18.37777184,24.84941007,60.29870935,0.897769316,0.772153153,0.897769316
Site_4,28/05/2023,19:00,1.843197248,20.73202709,25.38486462,40.25543487,0.933372852,1.374562341,0.933372852
Site_5,28/05/2023,14:00,1.615469865,18.28475459,27.54568326,51.48152533,0.827930251,1.132136826,0.827930251
Site_1,04/06/2023,12:00,1.934627179,19.27590252,20.40142396,64.67707674,0.805994718,1.839007567,0.805994718
Site_2,04/06/2023,01:00,1.741831931,21.37950124,26.44158331,79.24744712,0.861585988,1.726165343,0.861585988
Site_3,04/06/2023,09:00,2.894546479,18.09308774,24.22896014,65.27254108,0.940936153,1.012726028,0.940936153
Site_4,04/06/2023,08:00,2.712180569,21.25787393,26.54994704,50.39214324,0.84037069,0.88913515,0.84037069
Site_5,04/06/2023,10:00,2.450105635,19.1274191,22.39524264,65.36022812,0.934686487,1.069538612,0.934686487
Site_1,11/06/2023,15:00,2.807190885,18.47265931,37.81054561,61.59941519,0.993982409,1.385442414,0.993982409
Site_2,11/06/2023,15:00,2.705508115,20.78694866,31.87184907,71.19381581,0.818780143,0.902095461,0.818780143
Site_3,11/06/2023,18:00,1.779855088,20.51577139,33.58204638,44.27922555,0.934520424,1.436223362,0.934520424
Site_4,11/06/2023,19:00,2.838838498,21.50988805,35.78342477,70.4411161,0.888750044,1.114117478,0.888750044
Site_5,11/06/2023,14:00,2.309013363,20.94028418,29.96884398,61.65066315,0.973628451,1.328070771,0.973628451
Site_1,18/06/2023,12:00,2.711160233,21.21392372,21.73840576,78.51968015,0.835429958,1.154189794,0.835429958
Site_2,18/06/2023,01:00,2.84413695,19.12813829,30.74213084,53.67488664,0.93852519,0.941698639,0.93852519
Site_3,18/06/2023,09:00,1.977005212,18.70975818,31.73682236,65.30487573,0.967623058,1.92267996,0.967623058
Site_4,18/06/2023,08:00,1.665077887,21.00245901,34.90878948,77.28112422,0.988922844,1.645408691,0.988922844
Site_5,18/06/2023,10:00,1.841902744,21.22733896,28.63319092,44.10038912,0.936649606,0.710169764,0.936649606
Site_1,25/06/2023,15:00,2.140661683,21.96202057,22.55160606,77.48913949,0.899434953,1.802701964,0.899434953
Site_2,25/06/2023,15:00,2.727022149,19.65047071,25.67551812,67.51542889,0.923569448,1.231146797,0.923569448
Site_3,25/06/2023,18:00,2.791095875,19.48807234,27.26164593,42.71348236,0.973780997,1.84182834,0.973780997
Site_4,25/06/2023,19:00,1.510428196,21.10565184,32.91834483,52.03854268,0.914121949,1.699782884,0.914121949
Site_5,25/06/2023,14:00,2.266120954,19.36321416,31.41556609,68.32688355,0.806077412,1.137820257,0.806077412
Site_1,02/07/2023,12:00,2.126116505,21.7230293,27.12193452,42.69402406,0.986189739,0.533703962,0.986189739
Site_2,02/07/2023,01:00,1.833161716,21.43365101,39.73030498,63.28681841,0.93790535,0.903016039,0.93790535
Site_3,02/07/2023,09:00,1.679798051,19.71597611,32.11549639,53.83532228,0.935302677,1.312451322,0.935302677
Site_4,02/07/2023,08:00,2.006422757,21.00348427,24.74453583,64.83662071,0.84313503,1.45021733,0.84313503
Site_5,02/07/2023,10:00,2.914364556,21.0181715,22.03564945,41.82968135,0.931777094,0.886831528,0.931777094
Site_1,09/07/2023,15:00,1.984804398,18.41249548,23.05718278,74.86147225,0.878772881,0.709034111,0.878772881
Site_2,09/07/2023,15:00,2.278185933,21.61021163,24.91915457,78.93955877,0.930246595,1.752395355,0.930246595
Site_3,09/07/2023,18:00,2.554528438,20.02100949,23.21362747,78.75511421,0.821318606,1.976603271,0.821318606
Site_4,09/07/2023,19:00,2.045444404,21.30582986,23.73134048,69.98607327,0.931569061,1.288535273,0.931569061
Site_5,09/07/2023,14:00,2.957673124,19.2801984,25.70190337,45.20344961,0.999882745,0.757518929,0.999882745
Site_1,16/07/2023,12:00,2.943670942,21.58209291,23.46747191,70.33052784,0.809642408,0.90846099,0.809642408
Site_2,16/07/2023,01:00,1.877673444,19.55680671,37.93530849,40.98347666,0.995434837,0.527586015,0.995434837
Site_3,16/07/2023,09:00,2.245872759,18.04335061,21.60467491,40.88494206,0.881381592,1.87144821,0.881381592
Site_4,16/07/2023,08:00,1.951317465,21.62152791,30.49022779,52.94440877,0.97415069,0.676626624,0.97415069
Site_5,16/07/2023,10:00,1.927260742,18.36514671,28.20793654,59.54572762,0.956477097,1.364774713,0.956477097
Site_1,23/07/2023,15:00,1.555330421,19.27725455,39.64757234,70.81629671,0.913403252,0.911082831,0.913403252
Site_2,23/07/2023,15:00,2.414346501,21.80024787,22.24077804,67.33181506,0.947689842,1.331267004,0.947689842
Site_3,23/07/2023,18:00,2.254018535,21.80242859,27.95711198,57.83610826,0.975703112,1.477130583,0.975703112
Site_4,23/07/2023,19:00,1.577218127,20.29375155,39.38940867,50.94506665,0.880828064,1.744612706,0.880828064
Site_5,23/07/2023,14:00,1.917969696,20.52734885,37.31014252,79.88498001,0.865406632,0.809631908,0.865406632
Site_1,30/07/2023,12:00,2.862398829,19.79378209,36.34144142,57.04725209,0.933518677,0.516493743,0.933518677
Site_2,30/07/2023,01:00,1.859342836,19.17284309,25.15805654,58.05548097,0.961569188,0.705328445,0.961569188
Site_3,30/07/2023,09:00,1.717342308,19.31465818,23.41775175,46.54495285,0.952457027,1.850027963,0.952457027
Site_4,30/07/2023,08:00,2.23417914,20.69007382,33.3728644,71.79238195,0.95956273,1.810835116,0.95956273
Site_5,30/07/2023,10:00,2.978475681,21.00949812,38.58751978,67.74728903,0.887116663,1.396119653,0.887116663
Site_1,06/08/2023,15:00,1.863082907,21.16631617,31.13525786,48.83078451,0.963566843,1.400775291,0.963566843
Site_2,06/08/2023,15:00,2.508203321,21.15847257,31.43225379,43.29524182,0.824041811,1.497555012,0.824041811
Site_3,06/08/2023,18:00,2.642429423,18.36482441,25.59958187,67.21997208,0.90889782,0.763056918,0.90889782
Site_4,06/08/2023,19:00,1.856456316,19.97768122,35.38985866,66.18044857,0.801151732,1.871617919,0.801151732
Site_5,06/08/2023,14:00,2.592324523,18.23023504,23.74087497,50.93038108,0.864917166,1.128155787,0.864917166
Site_1,13/08/2023,12:00,2.051674699,20.19811553,26.47358473,78.03454249,0.873292307,1.074707792,0.873292307
Site_2,13/08/2023,01:00,2.448458746,19.76612201,28.50872877,46.04231567,0.879234538,1.278376558,0.879234538
Site_3,13/08/2023,09:00,2.450294566,21.55081673,30.15220757,57.29339204,0.939093441,0.57044895,0.939093441
Site_4,13/08/2023,08:00,2.303662026,19.40366005,24.84819465,77.74463681,0.87771162,0.749425053,0.87771162
Site_5,13/08/2023,10:00,1.635434655,18.46826807,22.29673649,56.78909268,0.889738725,1.607050425,0.889738725
Site_1,20/08/2023,15:00,2.752953743,18.57196673,32.21240085,65.54103791,0.847508826,0.624198002,0.847508826
Site_2,20/08/2023,15:00,1.981170097,21.04604253,25.77261106,55.90377592,0.874650358,1.404728164,0.874650358
Site_3,20/08/2023,18:00,1.779777766,20.47287225,31.62476443,50.96860809,0.845453925,0.868023665,0.845453925
Site_4,20/08/2023,19:00,1.561162712,18.4044907,23.08725431,79.35910592,0.814639185,1.083943421,0.814639185
Site_5,20/08/2023,14:00,2.386339415,18.33642722,29.62280204,56.37336025,0.920689719,0.933040605,0.920689719
Site_1,27/08/2023,12:00,2.516346543,20.80387653,30.65178865,75.76396815,0.93364256,1.033509075,0.93364256
Site_2,27/08/2023,01:00,1.524881743,18.29105203,21.03647074,49.19818424,0.923898069,1.578568858,0.923898069
Site_3,27/08/2023,09:00,2.268139587,21.28744024,26.73208556,48.52418816,0.892698809,0.945682573,0.892698809
Site_4,27/08/2023,08:00,1.839743663,20.82496891,22.68829354,41.24536332,0.875957156,1.34960696,0.875957156
Site_5,27/08/2023,10:00,2.467759186,18.32539512,21.26749941,66.06667302,0.97266673,1.214075603,0.97266673
Site_1,03/09/2023,15:00,1.761549644,18.33935086,39.79920465,54.74105375,0.903816357,1.495506748,0.903816357
Site_2,03/09/2023,15:00,2.536406607,21.94655831,26.4470769,74.57432999,0.895836376,1.905244609,0.895836376
Site_3,03/09/2023,18:00,2.080103019,19.49708318,36.19748892,58.92839627,0.805128413,1.598858146,0.805128413
Site_4,03/09/2023,19:00,2.905094983,19.48256859,25.0928131,78.72773712,0.868249566,0.822410568,0.868249566
Site_5,03/09/2023,14:00,1.706281416,21.25119827,33.63005444,47.42102063,0.876039124,0.546774703,0.876039124
Site_1,10/09/2023,12:00,2.011599527,21.78899431,35.2045572,74.74492672,0.879764556,0.893396066,0.879764556
Site_2,10/09/2023,01:00,1.670210282,21.94400426,31.91277481,71.06387411,0.916034474,1.392616896,0.916034474
Site_3,10/09/2023,09:00,2.887040427,21.01351274,29.43152377,70.83687379,0.906720509,0.57713872,0.906720509
Site_4,10/09/2023,08:00,2.81600903,19.50503834,28.23681828,73.79132912,0.921581019,1.244549371,0.921581019
Site_5,10/09/2023,10:00,1.886912442,18.33400287,26.97736533,70.44095964,0.952976652,1.395264273,0.952976652
Site_1,17/09/2023,15:00,2.489976069,21.10858766,38.59058288,65.04881287,0.962597148,1.001365836,0.962597148
Site_2,17/09/2023,15:00,2.7258333,20.233617,36.61238816,45.24979511,0.943624615,1.656368306,0.943624615
Site_3,17/09/2023,18:00,2.332801217,19.69688804,39.30053821,41.30104718,0.991104739,0.65989738,0.991104739
Site_4,17/09/2023,19:00,2.294475868,21.62541754,22.48594447,76.83391391,0.803646517,0.612706673,0.803646517
Site_5,17/09/2023,14:00,1.862778436,18.44478993,34.6173495,64.66601258,0.839155597,1.592283134,0.839155597
Site_1,24/09/2023,12:00,1.639654152,19.97050042,38.76680914,71.86149164,0.801512575,1.243236974,0.801512575
Site_2,24/09/2023,01:00,2.845823637,18.04541458,23.62466132,59.26089406,0.929494943,1.532603595,0.929494943
Site_3,24/09/2023,09:00,2.850627086,19.87464257,21.32992535,44.69232756,0.97960611,1.152241008,0.97960611
Site_4,24/09/2023,08:00,2.449652186,18.2252131,34.82241299,45.00743169,0.848696459,0.86960305,0.848696459
Site_5,24/09/2023,10:00,2.008544687,18.47527167,31.48946226,67.42261149,0.985406909,1.728653477,0.985406909
Site_1,01/10/2023,15:00,2.023814362,18.47010499,36.83657554,57.2122358,0.812053478,1.699123818,0.812053478
Site_2,01/10/2023,15:00,2.588933518,20.59684121,22.79544753,48.02098907,0.986887205,1.542044706,0.986887205
Site_3,01/10/2023,18:00,2.84566539,20.98417952,35.90534624,59.66378187,0.870324537,0.908217706,0.870324537
Site_4,01/10/2023,19:00,2.830629636,20.33347506,24.0325464,42.56835748,0.820284166,1.385346,0.820284166
Site_5,01/10/2023,14:00,2.669813319,21.84869019,23.27311886,63.27885608,0.897174352,1.041460845,0.897174352
Site_1,08/10/2023,12:00,2.463047469,19.49948232,23.28531596,50.75973618,0.851355314,0.63737311,0.851355314
Site_2,08/10/2023,01:00,1.626209947,19.14284835,36.2914944,71.90236403,0.85697458,1.875970363,0.85697458
Site_3,08/10/2023,09:00,1.742443071,21.47439651,33.30394441,52.41447836,0.861457993,0.705227946,0.861457993
Site_4,08/10/2023,08:00,2.847831283,18.89438335,30.4613085,58.20880596,0.96060518,1.925356031,0.96060518
Site_5,08/10/2023,10:00,2.409643589,21.85289016,27.17660968,40.4648216,0.907832255,1.169008659,0.907832255
Site_1,15/10/2023,15:00,1.513795577,18.0486179,37.54401082,42.89787551,0.86226154,0.777699393,0.86226154
Site_2,15/10/2023,15:00,1.652207314,21.87951531,27.84890215,55.69974226,0.922066757,1.312851421,0.922066757
Site_3,15/10/2023,18:00,2.495252654,18.17263965,36.33198879,59.19755339,0.943230135,1.809418754,0.943230135
Site_4,15/10/2023,19:00,1.507592376,21.56457245,28.78269817,64.00082192,0.8545248,1.59833733,0.8545248
Site_5,15/10/2023,14:00,1.741212077,20.11080444,27.53888859,51.66650315,0.88270982,1.709841722,0.88270982
Site_1,22/10/2023,12:00,2.323100684,21.97185918,29.25359571,67.79927545,0.824377219,1.48817505,0.824377219
Site_2,22/10/2023,01:00,2.537842797,18.29518626,26.02755748,74.40489589,0.83622987,1.538414847,0.83622987
Site_3,22/10/2023,09:00,2.477941889,20.21541714,34.9521876,71.19403956,0.936223571,1.773793477,0.936223571
Site_4,22/10/2023,08:00,1.836403964,21.87721014,30.0544078,41.58475301,0.83628767,0.874502013,0.83628767
Site_5,22/10/2023,10:00,2.568268832,20.09239138,24.6442539,59.22027789,0.905032677,1.234137445,0.905032677
Site_1,29/10/2023,15:00,1.855873631,20.51759455,37.99149147,44.19720714,0.941809252,0.831814163,0.941809252
Site_2,29/10/2023,15:00,1.988099547,20.78299476,27.67782443,49.68180063,0.821375385,1.981502012,0.821375385
Site_3,29/10/2023,18:00,2.619737108,19.81816426,30.87105722,79.46650373,0.913462444,1.91608901,0.913462444
Site_4,29/10/2023,19:00,2.474449349,20.51023232,38.12944222,45.69982172,0.851312557,0.559140217,0.851312557
Site_5,29/10/2023,14:00,2.773835116,20.33725725,32.48475992,59.95552614,0.992585375,1.558362759,0.992585375
Site_1,05/11/2023,12:00,2.486419338,21.60463204,22.33796081,64.72622937,0.896709129,1.887872476,0.896709129
Site_2,05/11/2023,01:00,2.352462905,18.18178552,38.79664247,68.09859882,0.96119851,0.770863018,0.96119851
Site_3,05/11/2023,09:00,1.640512152,19.12385276,32.55416106,62.38594734,0.910045308,1.351917846,0.910045308
Site_4,05/11/2023,08:00,2.051573705,21.80164594,26.69811229,40.3908339,0.808682507,1.873232446,0.808682507
Site_5,05/11/2023,10:00,1.897803552,21.56105514,22.78544145,53.05845233,0.926630275,0.550918968,0.926630275
Site_1,12/11/2023,15:00,1.865984465,19.82262701,35.88050379,60.70846574,0.990280668,1.546130401,0.990280668
Site_2,12/11/2023,15:00,2.959515832,20.48053039,32.40145512,43.51465997,0.920322364,0.946023511,0.920322364
Site_3,12/11/2023,18:00,2.089646587,19.10952473,30.66922184,54.02507725,0.963837772,1.886594293,0.963837772
Site_4,12/11/2023,19:00,2.838069833,18.75248464,37.87785166,41.32812435,0.976841293,1.956587368,0.976841293
Site_5,12/11/2023,14:00,2.446707939,19.85479362,35.77194422,43.14313989,0.845615954,1.916399734,0.845615954
Site_1,19/11/2023,12:00,2.692216955,19.41340891,23.03349759,55.87693105,0.842408968,1.211321325,0.842408968
Site_2,19/11/2023,01:00,2.25395564,20.33462445,26.23444136,45.30863016,0.922196198,1.793063976,0.922196198
Site_3,19/11/2023,09:00,2.365355827,18.31093855,24.9697828,62.70163393,0.882205694,1.766824098,0.882205694
Site_4,19/11/2023,08:00,2.238776541,21.89757923,34.87892585,67.57859877,0.967972261,0.97865071,0.967972261
Site_5,19/11/2023,10:00,1.792864482,21.94484298,20.67064869,72.02346796,0.980004625,1.743373211,0.980004625
Site_1,26/11/2023,15:00,2.583678173,20.79264686,31.3977937,48.00600977,0.870684276,0.555511452,0.870684276
Site_2,26/11/2023,15:00,1.921158544,20.14438547,35.24917371,46.69930329,0.847374112,1.394404818,0.847374112
Site_3,26/11/2023,18:00,1.53647395,19.23811047,37.53531274,44.18271361,0.956105103,0.845013256,0.956105103
Site_4,26/11/2023,19:00,2.468208444,21.25518008,26.84163497,65.45720998,0.854961207,0.680850329,0.854961207
Site_5,26/11/2023,14:00,1.765666019,20.73892469,36.42514609,68.25902906,0.964522864,0.615429802,0.964522864
Site_1,03/12/2023,12:00,2.910687877,18.65046776,22.21263474,41.26344579,0.884747651,1.544433164,0.884747651
Site_2,03/12/2023,01:00,2.930892866,21.64370874,36.92904583,77.44848985,0.93350998,1.009812446,0.93350998
Site_3,03/12/2023,09:00,2.872296585,21.29014897,22.54977325,42.07885135,0.819107063,1.587150157,0.819107063
Site_4,03/12/2023,08:00,2.05523805,21.79919965,27.94574581,61.65185341,0.924771865,0.598034511,0.924771865
Site_5,03/12/2023,10:00,1.523184925,20.90287803,35.94590732,68.36242078,0.890353536,0.972935507,0.890353536
Site_1,10/12/2023,15:00,2.892477844,20.45366078,22.99834855,74.83876495,0.917321693,1.309236939,0.917321693
Site_2,10/12/2023,15:00,2.142276222,19.67297215,24.5850279,68.56347729,0.833602842,1.686084747,0.833602842
Site_3,10/12/2023,18:00,2.949982229,21.73091393,34.44505137,72.06912332,0.947374749,0.978128754,0.947374749
Site_4,10/12/2023,19:00,2.945429966,21.46425556,34.40073073,53.5780077,0.972559416,1.438837065,0.972559416
Site_5,10/12/2023,14:00,2.779514183,18.18087468,32.82295266,72.59300455,0.84334796,1.828966622,0.84334796
Site_1,17/12/2023,12:00,1.941673338,18.1054679,33.87896889,43.20459386,0.819142911,1.423794782,0.819142911
Site_2,17/12/2023,01:00,2.077646593,19.50585347,30.85448887,75.79266624,0.804727717,0.849439212,0.804727717
Site_3,17/12/2023,09:00,2.776705007,21.24221332,25.03598118,61.90369505,0.9283943,0.536601172,0.9283943
Site_4,17/12/2023,08:00,1.975383008,21.94910452,26.91391987,72.6919108,0.921418807,1.805148311,0.921418807
Site_5,17/12/2023,10:00,1.75423912,18.60166756,23.63195434,58.09273138,0.909339483,0.531904116,0.909339483
Site_1,24/12/2023,15:00,2.335201894,20.37652286,38.16901123,65.74310781,0.846389419,1.812052509,0.846389419
Site_2,24/12/2023,15:00,2.904232161,19.52356343,31.6678359,61.05610644,0.878181199,1.293405701,0.878181199
Site_3,24/12/2023,18:00,2.544044695,21.87965759,28.01702834,69.26358087,0.918895267,1.908601548,0.918895267
Site_4,24/12/2023,19:00,2.355091755,21.36847569,29.24011607,43.26519928,0.899353372,1.698174854,0.899353372
Site_5,24/12/2023,14:00,1.645764741,21.35331482,38.94566679,42.41408336,0.997557104,1.996901166,0.997557104
Site_1,31/12/2023,12:00,2.42251084,19.87477264,23.06702806,49.88412936,0.827287951,1.026067723,0.827287951
Site_2,31/12/2023,01:00,2.985080775,19.65927801,31.72459664,46.3817872,0.939028911,1.650782433,0.939028911
Site_3,31/12/2023,09:00,1.710126023,19.09362829,30.11777358,74.87134266,0.880863754,1.10289637,0.880863754
Site_4,31/12/2023,08:00,2.277494479,18.22550199,32.22908471,48.76855949,0.885639923,1.21981343,0.885639923
Site_5,31/12/2023,10:00,2.816059608,21.45888951,20.36220368,79.03461023,0.943519553,1.441258195,0.943519553